Post URL,Post Title,Price,Location
https://www.aptdeco.com/product/article-sven-pacific-blue-ottoman,Article Sven Pacific Blue Ottoman,$215,"New York, NY, 10005"
https://www.aptdeco.com/product/thomas-obrien-8x10-wool-and-silk-rug,Thomas O'Brien 8x10 Wool and Silk Rug,"$1,759","New York, NY, 10003"
https://www.aptdeco.com/product/article-sven-pacific-blue-sofa-4,Article Sven Pacific Blue Sofa,"$1,093","New York, NY, 10005"
https://www.aptdeco.com/product/dresser-and-mirror-11,Dresser and Mirror,$511,"Bronx, NY, 10465"
https://www.aptdeco.com/product/denver-modern-vail-lounge-chair-cream-linen,"Denver Modern Vail Lounge Chair, Cream Linen",$829,"Perth Amboy, NJ, 08861"
https://www.aptdeco.com/product/modern-farmhouse-annette-modern-classic-black-cane-chair-4,Modern Farmhouse Annette Modern Classic Black Cane Chair,$360,"Perth Amboy, NJ, 08861"
https://www.aptdeco.com/product/million-dollar-baby-hudson-6-drawer-assembled-dresser,MIllion Dollar Baby Hudson 6-Drawer Assembled Dresser,$538,"Perth Amboy, NJ, 08861"
https://www.aptdeco.com/product/modern-farmhouse-kyng-modern-classic-cream-wood-nightstand,Modern Farmhouse Kyng Modern Classic Cream Wood Nightstand,$693,"Perth Amboy, NJ, 08861"
https://www.aptdeco.com/product/wayfair-charcoal-sleeper-sectional,Wayfair Charcoal Sleeper Sectional,$888,"New York, NY, 10027"
https://www.aptdeco.com/product/burrow-the-nomad-king-sofa-with-ottoman-in-crushed,Burrow The Nomad King Sofa with Ottoman in Crushed,"$1,471","Perth Amboy, NJ, 08861"
https://www.aptdeco.com/product/castlery-seb-nightstand-4,Castlery Seb Nightstand,$254,"Perth Amboy, NJ, 08861"
https://www.aptdeco.com/product/burrow-the-nomad-velvet-sofa-with-chaise-and-ottoman,Burrow The Nomad Velvet Sofa with Chaise and Ottoman,"$1,580","Perth Amboy, NJ, 08861"
https://www.aptdeco.com/product/modern-farmhouse-annette-modern-classic-black-cane-chair-3,Modern Farmhouse Annette Modern Classic Black Cane Chair,$360,"Perth Amboy, NJ, 08861"
https://www.aptdeco.com/product/custom-issa-sofa-in-alabaster,Custom Issa Sofa in Alabaster,"$1,343","Perth Amboy, NJ, 08861"
https://www.aptdeco.com/product/modern-farmhouse-annette-modern-classic-black-cane-chair-2,Modern Farmhouse Annette Modern Classic Black Cane Chair,$360,"Perth Amboy, NJ, 08861"
https://www.aptdeco.com/product/american-heirloom-vintage-1970s-coffee-table,American Heirloom Vintage 1970s Coffee Table,$332,"Brooklyn, NY, 11220"
https://www.aptdeco.com/product/urban-outfitters-tufted-velvet-sofa-2,Urban Outfitters Tufted Velvet Sofa,$888,"Brooklyn, NY, 11237"
https://www.aptdeco.com/product/modern-farmhouse-annette-modern-classic-black-cane-chair,Modern Farmhouse Annette Modern Classic Black Cane Chair,$360,"Perth Amboy, NJ, 08861"
https://www.aptdeco.com/product/unopened-anthropologie-rug,Unopened Anthropologie Rug,$722,"New York, NY, 10075"
https://www.aptdeco.com/product/article-lenia-rain-cloud-gray-oak-king-bed,Article Lenia Rain Cloud Gray Oak King Bed,$982,"Brooklyn, NY, 11211"
https://www.aptdeco.com/product/american-heirloom-vintage1970s-solid-oak-side-table,American Heirloom Vintage1970s Solid Oak Side Table,$193,"Brooklyn, NY, 11220"
https://www.aptdeco.com/product/castlery-rio-teak-dining-chairs-set-of-4,"Castlery Rio Teak Dining Chairs, Set of 4",$749,"Perth Amboy, NJ, 08861"
https://www.aptdeco.com/product/burrow-the-range-2-piece-open-sofa-in-stone-gray-3,Burrow The Range 2-Piece Open Sofa in Stone Gray,$558,"Perth Amboy, NJ, 08861"
https://www.aptdeco.com/product/castlery-carson-tv-stand,Castlery Carson TV Stand,$594,"Perth Amboy, NJ, 08861"
https://www.aptdeco.com/product/french-coastal-thomas-bina-olivia-coffee-table,French Coastal Thomas Bina Olivia Coffee Table,$941,"Perth Amboy, NJ, 08861"
https://www.aptdeco.com/product/castlery-miles-sideboard,Castlery Miles Sideboard,$760,"Perth Amboy, NJ, 08861"
https://www.aptdeco.com/product/furniture-classics-lyndon-coastal-black-mahogany-chair,Furniture Classics Lyndon Coastal Black Mahogany Chair,$401,"Perth Amboy, NJ, 08861"
https://www.aptdeco.com/product/comfortable-brown-recliner,Comfortable Brown Recliner,$261,"Lake Peekskill, NY, 10537"
https://www.aptdeco.com/product/zipcode-design-evan-convertible-sleeper-sofa-12,Sleeper Sofa,$361,"New York, NY, 10025"
https://www.aptdeco.com/product/limited-edition-modern-rug-6x9,Limited Edition Modern Rug 6x9,$633,"New York, NY, 10002"
https://www.aptdeco.com/product/modular-bondi-ottoman-in-commodore-blue,Modular Bondi Ottoman in Commodore Blue,$492,"Perth Amboy, NJ, 08861"
https://www.aptdeco.com/product/castlery-seb-nightstand-3,Castlery Seb Nightstand,$254,"Perth Amboy, NJ, 08861"
https://www.aptdeco.com/product/room-and-board-jasper-chair-+-ottoman,Room and Board Jasper Chair + Ottoman,$944,"Brooklyn, NY, 11201"
https://www.aptdeco.com/product/raymour-flanigan-desk-8,Raymour & Flanigan Desk,$477,"Old Bethpage, NY, 11804"
https://www.aptdeco.com/product/raymour-flanigan-nevada-3-pc-dining-set,Raymour & Flanigan Nevada 3-pc. Dining Set,$316,"New York, NY, 10016"
https://www.aptdeco.com/product/ashley-furniture-smokey-grey-3-piece-sectional-2,Ashley Furniture Smokey Grey 3 Piece Sectional,"$1,032","Brooklyn, NY, 11232"
https://www.aptdeco.com/product/thai-carved-ball-claw-teak-coffee-table-daybed,Thai Carved Ball & Claw Teak Coffee Table (Daybed),"$4,494","Brooklyn, NY, 11213"
https://www.aptdeco.com/product/2-piece-leather-sleeper-sectional-natuzzi,2 Piece Leather Sleeper Sectional - Natuzzi,$649,"New York, NY, 10023"
https://www.aptdeco.com/product/abc-carpet-home-iron-and-glass-console-table,ABC Carpet & Home: Iron and Glass Console Table,"$1,304","Brooklyn, NY, 11201"
https://www.aptdeco.com/product/mitchell-gold-bob-williams-manning-side-table-5,Mitchell Gold + Bob Williams Manning Side Table,"$1,063","Brooklyn, NY, 11201"
https://www.aptdeco.com/product/vintage-1970s-solid-wood-dark-brown10-drawer-dresser,Vintage 1970s Solid Wood Dark Brown10-Drawer Dresser,$466,"Brooklyn, NY, 11220"
https://www.aptdeco.com/product/white-tulip-dining-table-2,White Tulip Dining Table,$239,"Brooklyn, NY, 11216"
https://www.aptdeco.com/product/safavieh-bandelier-arm-chair-white-leather,Safavieh Bandelier Arm Chair - White Leather,$276,"Brooklyn, NY, 11216"
https://www.aptdeco.com/product/patio-glass-and-metal-dining-table-and-chairs-set,Patio Glass and Metal Dining Table and Chairs Set,$550,"Brooklyn, NY, 11217"
https://www.aptdeco.com/product/dash-albert-numa-charcoal-moroccan-inspired-rug,Dash & Albert Numa Charcoal Moroccan-Inspired Rug,"$3,636","Hopewell Junction, NY, 12533"
https://www.aptdeco.com/product/mercury-row-mid-century-5-drawer-dresser,Mercury Row Mid Century 5 Drawer Dresser,$417,"Brooklyn, NY, 11201"
https://www.aptdeco.com/product/linon-home-decor-set-of-3-bar-stools,Linon Home Decor Set of 3 Bar Stools,$148,"New York, NY, 10028"
https://www.aptdeco.com/product/5-piece-sectional-sofa-upholstered-in-white-fabric,5-Piece Sectional Sofa Upholstered In White Fabric,"$4,319","Brooklyn, NY, 11232"
https://www.aptdeco.com/product/west-elm-basketweave-alabaster-marin-sofa,West Elm Basketweave Alabaster Marin Sofa,"$1,055","Brooklyn, NY, 11221"
https://www.aptdeco.com/product/ottoman-in-teal-fabric-w-foam-padding-upholstery,Ottoman In Teal Fabric W/ Foam Padding Upholstery,$600,"Brooklyn, NY, 11232"
https://www.aptdeco.com/product/riva-1920-solid-oak-iron-cantilever-dining-table,Riva 1920 Solid Oak & Iron Cantilever Dining Table,"$11,100","New York, NY, 10011"
https://www.aptdeco.com/product/gwendolyn-platform-bed,Gwendolyn Platform Bed,$926,"Perth Amboy, NJ, 08861"
https://www.aptdeco.com/product/target-wood-base-light-grey-sofa-by-studio-mcgee,Target Wood Base Light Grey Sofa by Studio McGee,$666,"New York, NY, 10075"
https://www.aptdeco.com/product/restoration-hardware-italia-shelter-arm-sofa-8ft,Restoration Hardware Italia Shelter Arm Sofa 8ft,"$2,536","New York, NY, 10010"
https://www.aptdeco.com/product/west-elm-industrial-console-7,West Elm Industrial Console,$516,"Brooklyn, NY, 11222"
https://www.aptdeco.com/product/solid-oak-table-2,Solid Oak Table,$427,"Jersey City, NJ, 07304"
https://www.aptdeco.com/product/ferra-rug-9-x-12,Ferra Rug 9' x 12',"1,203","Perth Amboy, NJ, 08861"
https://www.aptdeco.com/product/greenington-rhody-lift-top-coffee-table-amber,"Greenington Rhody Lift Top Coffee Table, Amber",719,"Brooklyn, NY, 11238"
https://www.aptdeco.com/product/west-elm-eddy-couch-74,West Elm Eddy Couch (74),927,"Brooklyn, NY, 11201"
https://www.aptdeco.com/product/west-elm-mid-century-metal-tripod-floor-lamp,West Elm Mid-Century Metal Tripod Floor Lamp,313,"New York, NY, 10013"
https://www.aptdeco.com/product/west-elm-desk-chair-11,West Elm Desk Chair,242,"New York, NY, 10025"
https://www.aptdeco.com/product/vintage-china-cabinet-29,Vintage China Cabinet,422,"Wallington, NJ, 07057"
https://www.aptdeco.com/product/west-elm-wall-ladder-desk-44,"West Elm Wall Ladder Desk (44"")",372,"Brooklyn, NY, 11238"
https://www.aptdeco.com/product/ikea-hemnes-bed-frame-queen,IKEA Hemnes Bed Frame (Queen),261,"Oakland, NJ, 07436"
https://www.aptdeco.com/product/vintage-accent-chair-in-light-blue-velvet-fabric,Vintage Accent Chair In Light Blue Velvet Fabric,626,"Brooklyn, NY, 11232"
https://www.aptdeco.com/product/pottery-barn-childs-bookcase,Pottery Barn Childs Bookcase,316,"Port Washington, NY, 11050"
https://www.aptdeco.com/product/persian-rug-28,Persian Rug,"$5,042","New York, NY, 10011"
https://www.aptdeco.com/product/west-elm-pure-white-oversized-organic-ceramic-vase-2,West Elm Pure White Oversized Organic Ceramic Vase,165,"Scarsdale, NY, 10583"
https://www.aptdeco.com/product/bb-italia-sectional-sofa-5,B&B Italia Sectional Sofa,"8,469","New York, NY, 10013"
https://www.aptdeco.com/product/dutalier-rocking-chair-cushion-and-footstoll,"Dutalier Rocking Chair, Cushion and Footstoll",261,"Port Washington, NY, 11050"
https://www.aptdeco.com/product/west-elm-leather-slope-lounge-chair,West Elm Leather Slope Lounge Chair,296,"New York, NY, 10025"
https://www.aptdeco.com/product/article-sven-velvet-3-seater-sofa,Article Sven Velvet 3 Seater Sofa,676,"New York, NY, 10025"
https://www.aptdeco.com/product/raymour-flanigan-2-piece-reversible-sectional-sofa,Raymour & Flanigan 2 Piece Reversible Sectional Sofa,$528,"New York, NY, 10028"
https://www.aptdeco.com/product/modern-style-bench-in-seablue-velvet-silver-base,Modern Style Bench In SeaBlue Velvet & Silver Base,573,"Brooklyn, NY, 11232"
https://www.aptdeco.com/product/uttermost-gisele-accent-table,Uttermost Gisele Accent Table,269,"New York, NY, 10019"
https://www.aptdeco.com/product/unique-and-functional-hanging-table-plus-lamp,Unique and Functional Hanging Table Plus Lamp,104,"New York, NY, 10031"
https://www.aptdeco.com/product/ikea-koarp-armchair-15,IKEA KOARP Armchair,$230,"Sunnyside, NY, 11104"
https://www.aptdeco.com/product/ethan-allen-extendable-dining-set-chairs,Ethan Allen Extendable Dining Set & Chairs,"1,776","New York, NY, 10025"
https://www.aptdeco.com/product/wayfair-mistana-round-white-gold-coffee-table-set-2,Wayfair Mistana Round White & Gold Coffee Table Set (2),$200,"Brooklyn, NY, 11249"
https://www.aptdeco.com/product/west-elm-modernist-wood-lacquer-nightstand-17,West Elm Modernist Wood & Lacquer Nightstand,443,"New York, NY, 10006"
https://www.aptdeco.com/product/crate-barrel-galvin-metal-counter-height-table-2,Crate & Barrel Galvin Metal Counter Height Table,$544,"Brooklyn, NY, 11249"
https://www.aptdeco.com/product/cb2-ronan-sofa-8,CB2 Ronan Sofa,$776,"Brooklyn, NY, 11249"
https://www.aptdeco.com/product/vintage-coffee-table-55,Vintage Coffee Table,110,"Bronx, NY, 10451"
https://www.aptdeco.com/product/ikea-balkarp-futon-16,IKEA Balkarp Futon,$170,"Astoria, NY, 11105"
https://www.aptdeco.com/product/early-20th-century-ornate-mahogany-high-boy,Early 20th Century Ornate Mahogany High Boy,$602,"New York, NY, 10001"
https://www.aptdeco.com/product/25-bellini-chairs-by-heller,25 Bellini Chairs by Heller,"1,959","New York, NY, 10013"
https://www.aptdeco.com/product/macys-brandon-king-sized-bed,Macy's Brandon King Sized Bed,846,"Astoria, NY, 11103"
https://www.aptdeco.com/product/armchair-in-gray-fabric-w-dark-walnut-wood-legs,Armchair In Gray Fabric W/ Dark Walnut Wood Legs,622,"Brooklyn, NY, 11232"
https://www.aptdeco.com/product/bobs-discount-furniture-sectional-9,Bob's Discount Furniture Sectional,"1,254","Cambria Heights, NY, 11411"
https://www.aptdeco.com/product/empire-style-rose-marble-top-gueridon,Empire-style Rose Marble Top Gueridon,942,"New York, NY, 10025"
https://www.aptdeco.com/product/loveseat-in-linen-like-sharkskin-fabric-upholstery,Loveseat In Linen-like Sharkskin Fabric Upholstery,890,"Brooklyn, NY, 11232"
https://www.aptdeco.com/product/vintage-dining-set-9,Vintage Dining Set,538,"Wallington, NJ, 07057"
https://www.aptdeco.com/product/black-leather-togo-sofa-michel-ducaroy,Black Leather Togo Sofa Michel Ducaroy,"4,584","New York, NY, 10003"
https://www.aptdeco.com/product/glass-dining-table-59,Glass Dining Table,$308,"New York, NY, 10016"
https://www.aptdeco.com/product/dining-table-in-ceramic-wine-sandy-black-finish,Dining Table In Ceramic Wine & Sandy Black Finish,"1,081","Brooklyn, NY, 11232"
https://www.aptdeco.com/product/west-elm-storage-ottoman-4,West Elm Storage Ottoman,$422,"Brooklyn, NY, 11201"
https://www.aptdeco.com/product/lee-industries-chic-bench,Lee Industries Chic Bench,$333,"New York, NY, 10014"
https://www.aptdeco.com/product/cb2-cielo-sectional-couch-2,CB2 Cielo Sectional Couch,871,"Brooklyn, NY, 11222"
https://www.aptdeco.com/product/accent-table-in-dark-brown-w-gunmetal-tripod-legs,Accent Table In Dark Brown W/ Gunmetal Tripod Legs,217,"Brooklyn, NY, 11232"
https://www.aptdeco.com/product/chic-dining-room-slipcover-chairs,Chic Dining Room Slipcover Chairs,$888,"New York, NY, 10014"
https://www.aptdeco.com/product/raymour-flanigan-extra-large-comfy-loveseat-chair,Raymour & Flanigan Extra Large Comfy Loveseat Chair,$555,"New York, NY, 10019"
https://www.aptdeco.com/product/kitchen-island-work-table,Kitchen Island Work Table,$475,"Brooklyn, NY, 11237"
https://www.aptdeco.com/product/west-elm-black-metal-nighstand,West Elm Black Metal Nighstand,386,"new york, NY, 10003"
https://www.aptdeco.com/product/wayfair-tv-stand-37,Wayfair TV Stand,261,"Brooklyn, NY, 11225"
https://www.aptdeco.com/product/moooi-clip-lamp-light-fixture,Moooi Clip Lamp Light Fixture,"$1,665","Brooklyn, NY, 11238"
https://www.aptdeco.com/product/west-elm-mauve-velvet-swivel-chairs,West Elm Mauve Velvet Swivel Chairs,$888,"New York, NY, 10003"
https://www.aptdeco.com/product/feather-ludlow-sofa-3,Feather Ludlow Sofa,705,"Fairview, NJ, 07022"
https://www.aptdeco.com/product/dining-armchair-in-brown-velvet-fabric-upholstery,Dining Armchair In Brown Velvet Fabric Upholstery,306,"Brooklyn, NY, 11232"
https://www.aptdeco.com/product/custom-pair-club-chairs-with-ottoman,Custom Pair Club Chairs with Ottoman,"$3,663","New York, NY, 10280"
https://www.aptdeco.com/product/ikea-kitchen-island-with-bar-stools-included,IKEA Kitchen Island with Bar Stools Included,538,"Rahway, NJ, 07065"
https://www.aptdeco.com/product/office-desk-unit,Office Desk Unit,$490,"Goshen, NY, 10924"
https://www.aptdeco.com/product/rocking-chair-in-black-solid-acacia-wood,Rocking Chair in Black Solid Acacia Wood,233,"New York, NY, 10065"
https://www.aptdeco.com/product/tuxedo-chest-of-drawers,Tuxedo Chest of Drawers,289,"New York, NY, 10031"
https://www.aptdeco.com/product/5-piece-sectional-sofa-in-tan-vegan-leather-finish,5-Piece Sectional Sofa In Tan Vegan Leather Finish,"5,580","Brooklyn, NY, 11232"
https://www.aptdeco.com/product/cb2-facade-queen-bed-6,CB2 Facade Queen Bed,"1,097","New York, NY, 10003"
https://www.aptdeco.com/product/tri-striped-area-rug-hearth-hand-with-magnolia,Tri-Striped Area Rug: Hearth & Hand with Magnolia,178,"Cherry Hill, NJ, 08034"
https://www.aptdeco.com/product/west-elm-slope-upholstered-counter-stools,West Elm Slope Upholstered Counter Stools,518,"Brooklyn, NY, 11238"
https://www.aptdeco.com/product/regency-swivel-office-chair,Regency Swivel Office Chair,275,"Elmhurst, NY, 11373"
https://www.aptdeco.com/product/wayfair-grey-black-7pc-dining-set,Wayfair Grey & Black 7pc Dining Set,829,"Livingston, NJ, 07039"
https://www.aptdeco.com/product/rivet-box-table-aluminum-by-frama,Rivet Box Table - Aluminum by Frama,719,"New York, NY, 10003"
https://www.aptdeco.com/product/colbert-the-boy-reading-to-the-elephant-picture,"Colbert"" the Boy Reading to the Elephant"" Picture",$123,"New York, NY, 10023"
https://www.aptdeco.com/product/nordic-knots-jute-edge-6x9,Nordic Knots Jute Edge 6x9,649,"New York, NY, 10003"
https://www.aptdeco.com/product/west-elm-slope-upholstered-dining-chair-set-of-2,West Elm Slope Upholstered Dining Chair (Set of 2),342,"Brooklyn, NY, 11238"
https://www.aptdeco.com/product/art-deco-sideboard-4,Art Deco Sideboard,233,"New York, NY, 10031"
https://www.aptdeco.com/product/edison-bulb-light-lamps,Edison Bulb Light Lamps,303,"New York, NY, 10011"
https://www.aptdeco.com/product/large-chandelier-globe-made-in-italy,Large Chandelier Globe Made in Italy,"$2,997","Roslyn, NY, 11576"
https://www.aptdeco.com/product/ottoman-in-light-blue-cube-shaped-velvet,Ottoman In Light Blue Cube-Shaped Velvet,127,"Brooklyn, NY, 11232"
https://www.aptdeco.com/product/crate-barrel-lotus-5-piece-sectional,Crate & Barrel Lotus 5 Piece Sectional,"4,583","New York, NY, 10023"
https://www.aptdeco.com/product/heavy-duty-aluminum-7-piece-outdoor-dining-set,Heavy-Duty Aluminum 7-Piece Outdoor Dining Set,"$1,970","Oak Beach, NY, 11702"
https://www.aptdeco.com/product/bench-in-black-fabric-seat-gold-base,Bench In Black Fabric Seat & Gold Base,812,"Brooklyn, NY, 11232"
https://www.aptdeco.com/product/room-board-leather-elegant-chair,Room & Board Leather Elegant Chair,"2,240","Ridgewood, NY, 11385"
https://www.aptdeco.com/product/6-shelved-accent-cabinet-in-rustic-oak-wood-finish,6-Shelved Accent Cabinet In Rustic Oak Wood Finish,471,"Brooklyn, NY, 11232"
https://www.aptdeco.com/product/loveseat-in-gray-channel-tufted-w-steel-legs,Loveseat In Gray Channel Tufted W/ Steel Legs,"1,456","Brooklyn, NY, 11232"
https://www.aptdeco.com/product/modern-style-armchair-in-dusty-rose-thick-cushion,Modern Style Armchair In Dusty Rose Thick Cushion,805,"Brooklyn, NY, 11232"
https://www.aptdeco.com/product/cb2-aqua-virgo-dining-table-10,CB2 Aqua Virgo Dining Table,$510,"Old Greenwich, CT, 06870"
https://www.aptdeco.com/product/ikea-makeup-or-study-table,IKEA Makeup or Study Table,228,"Rahway, NJ, 07065"
https://www.aptdeco.com/product/ikea-malm-2-drawer-chest-black-nightstand,"IKEA MALM 2-Drawer Chest Black, Nightstand",110,"New York, NY, 10036"
https://www.aptdeco.com/product/bobs-discount-sleeper-sofa-3,Bob's Discount Sleeper Sofa,760,"Rahway, NJ, 07065"
https://www.aptdeco.com/product/acme-platinum-silver-gray-nightstands,Acme Platinum Silver Gray Nightstands,209,"New York, NY, 10031"
https://www.aptdeco.com/product/cb2-fuze-ivory-bench,CB2 Fuze Ivory Bench,$351,"Old Greenwich, CT, 06870"
https://www.aptdeco.com/product/raymour-flanigan-hollywood-sectional,Raymour & Flanigan Hollywood Sectional,"1,038","Great Neck, NY, 11021"
https://www.aptdeco.com/product/solid-oak-dresser-with-mirror,Solid Oak Dresser With Mirror,577,"Brooklyn, NY, 11220"
https://www.aptdeco.com/product/solid-oak-6-drawer-dresser,Solid Oak 6-Drawer Dresser,537,"Brooklyn, NY, 11220"
https://www.aptdeco.com/product/cb2-steel-arm-chair,CB2 Steel Arm Chair,387,"New York, NY, 10016"
https://www.aptdeco.com/product/ikea-hemnes-2-drawer-nightstand-black-brown,IKEA Hemnes 2 Drawer Nightstand-Black Brown,110,"New York, NY, 10128"
https://www.aptdeco.com/product/dining-table-and-chairs-22,Dining Table and Chairs,$999,"New York, NY, 10065"
https://www.aptdeco.com/product/ikea-hemnes-8-drawer-dresser-black-brown-8,"IKEA Hemnes 8 Drawer Dresser, Black-Brown",$325,"New York, NY, 10128"
https://www.aptdeco.com/product/danish-mid-century-dining-table,Danish Mid-Century Dining Table,"$2,215","Jersey City, NJ, 07307"
https://www.aptdeco.com/product/transformer-dining-set-table-bench,Transformer Dining Set - Table + Bench,"3,313","Jersey City, NJ, 07302"
https://www.aptdeco.com/product/bobs-discount-dining-set-4,Bob's Discount Dining Set,380,"Rahway, NJ, 07065"
https://www.aptdeco.com/product/lennox-lema-lounge-chair,Lennox Lema Lounge Chair,942,"Astoria, NY, 11102"
https://www.aptdeco.com/product/rare-napoleon-movie-poster-framed-wticket,Rare Napoleon Movie Poster Framed W/Ticket,$195,"Stony Brook, NY, 11790"
https://www.aptdeco.com/product/ashley-darcy-couch,Ashley Darcy Couch,538,"New York, NY, 10039"
https://www.aptdeco.com/product/safavieh-console-table-8,Safavieh Console Table,289,"New York, NY, 10010"
https://www.aptdeco.com/product/linon-folding-deskwriting-table,Linon Folding Desk/Writing Table,150,"Stony Brook, NY, 11790"
https://www.aptdeco.com/product/modern-round-dining-table-5,Modern Round Dining Table,"1,870","Brooklyn, NY, 11249"
https://www.aptdeco.com/product/safavieh-100-wool-5-x-8-rug-blue-and-gold,Safavieh 100% Wool 5' x 8' Rug Blue and Gold,$178,"Stony Brook, NY, 11790"
https://www.aptdeco.com/product/antique-leather-topped-sideend-table,Antique Leather Topped Side/End Table,$134,"Stony Brook, NY, 11790"
https://www.aptdeco.com/product/jonathan-adler-coffee-table-2,Jonathan Adler Coffee Table,"$1,470","New York, NY, 10065"
https://www.aptdeco.com/product/society-6-blackout-curtains,Society 6 Blackout Curtains,252,"Brooklyn, NY, 11249"
https://www.aptdeco.com/product/formakami-pendant-lighting-lamp,Formakami Pendant Lighting Lamp,337,"Brooklyn, NY, 11249"
https://www.aptdeco.com/product/zuo-atlas-console-table,ZUO Atlas Console Table,443,"New York, NY, 10016"
https://www.aptdeco.com/product/anthropologie-venus-rattan-daybed,Anthropologie Venus Rattan Daybed,$550,"New York, NY, 10012"
https://www.aptdeco.com/product/west-elm-lacquer-storage-side-table-9,West Elm Lacquer Storage Side Table,$183,"Old Greenwich, CT, 06870"
https://www.aptdeco.com/product/design-within-reach-glassbrass-coffee-table,Design Within Reach Glass/Brass Coffee Table,$651,"New York, NY, 10012"
https://www.aptdeco.com/product/urban-outfitters-vegan-leather-sleeper-sofa,Urban Outfitters Vegan Leather Sleeper Sofa,649,"Secaucus, NJ, 07094"
https://www.aptdeco.com/product/lema-italian-design-blue-accent-chair,Lema Italian Design Blue Accent Chair,887,"Astoria, NY, 11102"
https://www.aptdeco.com/product/handcrafted-nana-bell,Handcrafted Nana Bell,43,"Brooklyn, NY, 11249"
https://www.aptdeco.com/product/mercers-velvet-blue-barrel-chair,Mercers Velvet Blue Barrel Chair,332,"Brooklyn, NY, 11233"
https://www.aptdeco.com/product/ikea-vittsj-nesting-coffee-tables,IKEA VITTSJ Nesting Coffee Tables,131,"New York, NY, 10036"