Post URL,Post Title,Price,Location
https://www.aptdeco.com/product/bluebrown-wood-desk,Blue/Brown Wood Desk,$372,"New York, NY, 10002"
https://www.aptdeco.com/product/target-bar-cart-console,Target Bar Cart Console,$321,"New York, NY, 10005"
https://www.aptdeco.com/product/nursery-works-convertible-crib,Nursery Works Convertible Crib,$935,"Skillman, NJ, 08558"
https://www.aptdeco.com/product/west-elm-valencia-sectional-2,West Elm Valencia Sectional,"$1,315","New York, NY, 10019"
https://www.aptdeco.com/product/home-depot-console,Home Depot Console,$178,"New York, NY, 10005"
https://www.aptdeco.com/product/cb2-district-2-piece-sectional-4,CB2 District 2-Piece Sectional,"$1,426","New York, NY, 10005"
https://www.aptdeco.com/product/hickory-chair-custom-stools,Hickory Chair Custom Stools,"$1,396","New York, NY, 10022"
https://www.aptdeco.com/product/modern-gray-3-seater-sofa,Modern Gray 3 Seater Sofa,"$2,314","Brooklyn, NY, 11222"
https://www.aptdeco.com/product/antique-french-provincial-mirror,Antique French Provincial Mirror,$177,"Elizabeth, NJ, 07202"
https://www.aptdeco.com/product/restoration-hardware-dovetail-leaner-mirror,Restoration Hardware Dovetail Leaner Mirror,"$2,775","New York, NY, 10010"
https://www.aptdeco.com/product/manhattan-comfort-viennese-collection-console,Manhattan Comfort Viennese Collection Console,$270,"New York, NY, 10005"
https://www.aptdeco.com/product/ducduc-savannah-whitegrey-crib-with-toddler-rail,DucDuc Savannah White/Grey Crib with Toddler Rail,"$1,034","New York, NY, 10028"
https://www.aptdeco.com/product/roman-pedestal-coffee-table,Roman Pedestal Coffee Table,"$1,110","Glendale, NY, 11385"
https://www.aptdeco.com/product/restoration-hardware-mirror-12,Restoration Hardware Mirror,$631,"Bedford Corners, NY, 10549"
https://www.aptdeco.com/product/bobs-discount-dream-cloud-modular-sofa-gray-3-piece,Bob's Discount Dream Cloud Modular Sofa Gray 3 Piece,"$1,426","New York, NY, 10035"
https://www.aptdeco.com/product/burke-decor-breton-wall-sconce,Burke Decor Breton Wall Sconce,$198,"Brooklyn, NY, 11226"
https://www.aptdeco.com/product/cb2-boucle-loveseat-2,CB2 Boucle Loveseat,"$1,096","Brooklyn, NY, 11211"
https://www.aptdeco.com/product/interior-define-beige-velvet-extra-deep-sofa-2,Interior Define Beige Velvet Extra Deep Sofa,"$1,245","Brooklyn, NY, 11221"
https://www.aptdeco.com/product/article-dining-room-table,Article Dining Room Table,$490,"New York, NY, 10001"
https://www.aptdeco.com/product/indonesian-wool-rug,Indonesian Wool Rug,$332,"Upper Darby, PA, 19082"
https://www.aptdeco.com/product/raymour-flanigan-beige-sofa-10,Raymour & Flanigan Beige Sofa,$372,"Philadelphia, PA, 19125"
https://www.aptdeco.com/product/2-custom-canvas-prints-on-black-floating-frame,2 Custom Canvas Prints on Black Floating Frame,$720,"New York, NY, 10016"
https://www.aptdeco.com/product/wayfair-imani-velvet-square-arm-sleeper-2,Wayfair Imani Velvet Square Arm Sleeper,$400,"Philadelphia, PA, 19106"
https://www.aptdeco.com/product/west-elm-mid-century-cabinet-10,West Elm Mid-Century Cabinet,$511,"Brooklyn, NY, 11238"
https://www.aptdeco.com/product/bassett-beckham-collection-ottoman,Bassett Beckham Collection Ottoman,$492,"Plainview, NY, 11803"
https://www.aptdeco.com/product/crate-and-barrel-sawyer-leaning-desk-2,Crate and Barrel Sawyer Leaning Desk,$394,"Plainview, NY, 11803"
https://www.aptdeco.com/product/vintage-carved-lions-wooden-china-cabinet,Vintage Carved Lions Wooden China Cabinet,$855,"Woodside, NY, 11377"
https://www.aptdeco.com/product/restoration-hardware-deep-sofa-with-ottoman,Restoration Hardware Deep Sofa with Ottoman,"$2,314","New York, NY, 10016"
https://www.aptdeco.com/product/west-elm-narrow-leg-5-drawer-dresser-10,West Elm Narrow Leg 5 Drawer Dresser,"$1,114","Scarsdale, NY, 10583"
https://www.aptdeco.com/product/feather-varick-coffee-table,Feather Varick Coffee Table,$557,"New York, NY, 10025"
https://www.aptdeco.com/product/cb2-black-chairs,CB2 Black Chairs,$424,"New York, NY, 10028"
https://www.aptdeco.com/product/handmade-vintage-afghan-ersari-mat-3,Handmade Vintage Afghan Ersari Mat,$400,"Elmhurst, NY, 11373"
https://www.aptdeco.com/product/handmade-vintage-afghan-ersari-mat-4,Handmade Vintage Afghan Ersari Mat,$400,"Elmhurst, NY, 11373"
https://www.aptdeco.com/product/vintage-german-modern-rug-6,Vintage German Modern Rug,$761,"Elmhurst, NY, 11373"
https://www.aptdeco.com/product/solid-wood-shelve-bookcase,Solid Wood Shelve/ Bookcase,$261,"Brooklyn, NY, 11220"
https://www.aptdeco.com/product/raymour-flanigan-tv-console-w-sliding-doors-2,Raymour & Flanigan TV Console w/ Sliding Doors,$289,"New York, NY, 10016"
https://www.aptdeco.com/product/vintage-dresser-with-whitewashed-drawer-faces-2,Vintage Dresser With Whitewashed Drawer Faces,"$1,066","Neptune City, NJ, 07753"
https://www.aptdeco.com/product/cb2-andes-acacia-queen-bed-26,CB2 Andes Acacia Queen Bed,$888,"West Hartford, CT, 06107"
https://www.aptdeco.com/product/raymour-flanigan-zila-glass-coffee-table-3,Raymour & Flanigan Zila Glass Coffee Table,$276,"New York, NY, 10016"
https://www.aptdeco.com/product/handmade-antique-american-hooked-rug-86,Handmade Antique American Hooked Rug,"$1,499","Elmhurst, NY, 11373"
https://www.aptdeco.com/product/handmade-antique-american-hooked-rug-87,Handmade Antique American Hooked Rug,"$1,499","Elmhurst, NY, 11373"
https://www.aptdeco.com/product/handmade-antique-american-hooked-rug-88,Handmade Antique American Hooked Rug,"$1,099","Elmhurst, NY, 11373"
https://www.aptdeco.com/product/handmade-antique-afghan-baluch-prayer-rug-6,Handmade Antique Afghan Baluch Prayer Rug,"$1,799","Elmhurst, NY, 11373"
https://www.aptdeco.com/product/handmade-antique-american-hooked-rug-85,Handmade Antique American Hooked Rug,"$2,798","Elmhurst, NY, 11373"
https://www.aptdeco.com/product/vintage-french-tapestry-4,Vintage French Tapestry,"$1,399","Elmhurst, NY, 11373"
https://www.aptdeco.com/product/handmade-vintage-uzbek-bukhara-mat,Handmade Vintage Uzbek Bukhara Mat,$444,"Elmhurst, NY, 11373"
https://www.aptdeco.com/product/handmade-vintage-persian-tabriz-rug-13,Handmade Vintage Persian Tabriz Rug,$999,"Elmhurst, NY, 11373"
https://www.aptdeco.com/product/vintage-german-sarouk-style-rug,Vintage German Sarouk Style Rug,$444,"Elmhurst, NY, 11373"
https://www.aptdeco.com/product/handmade-vintage-afghan-ersari-mat-5,Handmade Vintage Afghan Ersari Mat,$400,"Elmhurst, NY, 11373"
https://www.aptdeco.com/product/farmhouse-table-with-self-storing-leaves,Farmhouse Table with Self-Storing Leaves,"$2,758","New York, NY, 10029"
https://www.aptdeco.com/product/nursery-works-rocking-chair-2,Nursery Works Rocking Chair,$405,"Skillman, NJ, 08558"
https://www.aptdeco.com/product/nursery-works-novella-dresser,Nursery Works Novella Dresser,$918,"Skillman, NJ, 08558"
https://www.aptdeco.com/product/gray-velvet-accent-barrel-chair,Gray Velvet Accent Barrel Chair,$122,"Philadelphia, PA, 19151"
https://www.aptdeco.com/product/handmade-antique-american-hooked-rug-83,Handmade Antique American Hooked Rug,"$1,299","Elmhurst, NY, 11373"
https://www.aptdeco.com/product/bobs-discount-madelyn-silver-end-tables,Bob's Discount Madelyn Silver End Tables,$342,"Bronx, NY, 10465"
https://www.aptdeco.com/product/burrow-field-3-piece-sofa-2,Field 3-Piece Sofa,$925,"Perth Amboy, NJ, 08861"
https://www.aptdeco.com/product/scandinavian-custom-made-desk,Scandinavian custom made desk,$538,"Hightstown, NJ, 08520"
https://www.aptdeco.com/product/albany-park-velvet-sectional-sofa,Albany Park Velvet Sectional Sofa,"$1,759","Brooklyn, NY, 11209"
https://www.aptdeco.com/product/west-elm-marble-brass-geo-table,West Elm Marble & Brass Geo Table,697,"New York, NY, 10026"
https://www.aptdeco.com/product/unique-white-leather-3-piece-seating-sofa,Unique White leather 3 Piece Seating Sofa,"1,305","White Plains, NY, 10603"
https://www.aptdeco.com/product/west-elm-indra-rug-8x10-indigo-2,"West Elm Indra Rug, 8x10, Indigo",532,"Jersey City, NJ, 07302"
https://www.aptdeco.com/product/modern-counter-height-table-in-natural-sheesham,Modern Counter Height Table In Natural Sheesham,$894,"Brooklyn, NY, 11232"
https://www.aptdeco.com/product/pieces-half-court-irregular-square-rug-8x8,PIECES Half Court Irregular Square Rug 8'x8',"2,267","New York, NY, 10011"
https://www.aptdeco.com/product/restoration-hardware-tufted-leather-metal-bench-2,Restoration Hardware Tufted Leather & Metal Bench,888,"New York, NY, 10011"
https://www.aptdeco.com/product/crate-barrel-oliver-queen-bed-9,Crate & Barrel Oliver Queen Bed,$405,"Brooklyn, NY, 11249"
https://www.aptdeco.com/product/powell-flatweave-area-rug,Powell Flatweave Area Rug,$319,"New York, NY, 10025"
https://www.aptdeco.com/product/antique-drop-leaf-table-10,Antique Drop Leaf Table,$230,"Brooklyn, NY, 11231"
https://www.aptdeco.com/product/vintage-raw-edge-travertine-console-table,Vintage Raw Edge Travertine Console Table,"1,268","Weehawken, NJ, 07086"
https://www.aptdeco.com/product/refurbished-dresser,Refurbished Dresser,$705,"Nutley, NJ, 07110"
https://www.aptdeco.com/product/pottery-barn-fairfax-nightstand,Pottery Barn Fairfax Nightstand,$274,"New York, NY, 10026"
https://www.aptdeco.com/product/gradie-indoor-outdoor-stool,Gradie Indoor / Outdoor Stool,$498,"Perth Amboy, NJ, 08861"
https://www.aptdeco.com/product/cb2-mirrored-media-credenza-2,CB2 Mirrored Media Credenza,$427,"Brooklyn, NY, 11249"
https://www.aptdeco.com/product/wayfair-charlton-vintage-set-of-4-chairs,Wayfair Charlton Vintage Set of 4 Chairs,$250,"New York, NY, 10025"
https://www.aptdeco.com/product/joybird-pull-out-couch-w-twin-bed,Joybird Pull Out Couch w/ Twin Bed,"$1,171","Brooklyn, NY, 11205"
https://www.aptdeco.com/product/wood-and-glass-dining-set,Wood and Glass Dining Set,"$1,132","Livingston, NJ, 07039"
https://www.aptdeco.com/product/scandinavian-designs-desk-2,Scandinavian Designs Desk,$427,"Hightstown, NJ, 08520"
https://www.aptdeco.com/product/3-door-accent-cabinet-in-natural-eco-mango-wood,3-Door Accent Cabinet In Natural Eco-Mango Wood,"$1,462","Brooklyn, NY, 11232"
https://www.aptdeco.com/product/gradie-indoor-outdoor-stool-2,Gradie Indoor / Outdoor Stool,$498,"Perth Amboy, NJ, 08861"
https://www.aptdeco.com/product/field-3-piece-sofa,Field 3-Piece Sofa,$925,"Perth Amboy, NJ, 08861"
https://www.aptdeco.com/product/french-coastal-khloe-rug,French Coastal Khloe Rug,$926,"Perth Amboy, NJ, 08861"
https://www.aptdeco.com/product/pottery-barn-fairfax-collection-twin-bed,Pottery Barn Fairfax Collection Twin Bed,$594,"New York, NY, 10026"
https://www.aptdeco.com/product/chic-media-console-with-rattan-doors,Chic Media Console with Rattan Doors,$282,"Hollis, NY, 11423"
https://www.aptdeco.com/product/burrow-the-nomad-6-seat-corner-sectional-in-ivory,Burrow The Nomad 6-Seat Corner Sectional in Ivory,"$1,807","Perth Amboy, NJ, 08861"
https://www.aptdeco.com/product/burrow-the-field-armchair-in-fog-4,Burrow The Field Armchair in Fog,$330,"Perth Amboy, NJ, 08861"
https://www.aptdeco.com/product/burrow-the-range-3-piece-sofa-in-navy-blue,Burrow The Range 3-Piece Sofa in Navy Blue,$925,"Perth Amboy, NJ, 08861"
https://www.aptdeco.com/product/furniture-classics-lyndon-coastal-black-mahogany,Furniture Classics Lyndon Coastal Black Mahogany,$401,"Perth Amboy, NJ, 08861"
https://www.aptdeco.com/product/burrow-the-serif-coffee-table-in-walnut-9,Burrow The Serif Coffee Table in Walnut,$330,"Perth Amboy, NJ, 08861"
https://www.aptdeco.com/product/castlery-seb-extendable-dining-table-59-787,"Castlery Seb Extendable Dining Table, 59""-78.7",$594,"Perth Amboy, NJ, 08861"
https://www.aptdeco.com/product/denver-modern-vail-lounge-chair-cream-linen-2,"Denver Modern Vail Lounge Chair, Cream Linen",$829,"Perth Amboy, NJ, 08861"
https://www.aptdeco.com/product/burrow-the-circa-headboard-full-in-walnut,"Burrow The Circa Headboard, Full in Walnut",$718,"Perth Amboy, NJ, 08861"
https://www.aptdeco.com/product/room-board-pair-of-quinn-accent-chairs,Room & Board Pair of Quinn Accent Chairs,$952,"New York, NY, 10024"
https://www.aptdeco.com/product/dining-set-61,Dining Set,500,"South Bound Brook, NJ, 08880"
https://www.aptdeco.com/product/bobs-discount-furniture-diva-ii-vanity-set,Bob's Discount Furniture Diva II Vanity Set,908,"Brooklyn, NY, 11221"
https://www.aptdeco.com/product/leather-couch-with-pull-out-bed,Leather Couch With Pull Out Bed,$400,"Morris Plains, NJ, 07950"
https://www.aptdeco.com/product/corner-shelving-unit-bookcase,Corner Shelving Unit / Bookcase,$344,"Morris Plains, NJ, 07950"
https://www.aptdeco.com/product/arched-glass-and-carved-wood-china-cabinet,Arched Glass and Carved Wood China Cabinet,$755,"Livingston, NJ, 07039"
https://www.aptdeco.com/product/antique-hall-tree-wmirror-and-drawer,Antique Hall Tree w/Mirror and Drawer,"1,388","Morris Plains, NJ, 07950"
https://www.aptdeco.com/product/wayfair-sofa-bed-esteves-7775-upholstered,Wayfair Sofa Bed - Esteves 77.75'' Upholstered,$416,"New York, NY, 10035"
https://www.aptdeco.com/product/west-elm-nest-chair-lounge-chair-sunshine-5,"West Elm Nest Chair Lounge Chair, Sunshine",$830,"New York, NY, 10011"
https://www.aptdeco.com/product/west-elm-santa-rosa-44-square-coffee-table,"West Elm Santa Rosa 44"" Square Coffee Table",$442,"New York, NY, 10011"
https://www.aptdeco.com/product/west-elm-portside-outdoor-round-coffee-table-34,"West Elm Portside Outdoor Round Coffee Table (34"")",$442,"New York, NY, 10011"
https://www.aptdeco.com/product/west-elm-playa-outdoor-22in-square-side-tablemast-2,"West Elm Playa Outdoor 22in Square Side Table,Mast",$198,"New York, NY, 10011"
https://www.aptdeco.com/product/west-elm-portside-outdoor-lounge-chair-ottoman-set,West Elm Portside Outdoor Lounge Chair & Ottoman Set,"$1,052","New York, NY, 10011"
https://www.aptdeco.com/product/tufted-upholstered-storage-platform-bed,Tufted Upholstered Storage Platform Bed,$705,"New York, NY, 10025"
https://www.aptdeco.com/product/vaughan-of-virginia-vintage-1970s-armoire,Vaughan of Virginia Vintage 1970s Armoire,$644,"Brooklyn, NY, 11220"
https://www.aptdeco.com/product/aston-595-tv-console-w-electric-fireplace,"Aston 59.5"" TV Console w/ Electric Fireplace",$698,"Port Jefferson, NY, 11777"
https://www.aptdeco.com/product/white-wood-media-console,White Wood Media Console,$205,"Brooklyn, NY, 11231"
https://www.aptdeco.com/product/ikea-extendable-diningwork-table,IKEA Extendable Dining/Work Table,250,"Brooklyn, NY, 11238"
https://www.aptdeco.com/product/bayside-furnishings-bunk-bed,Bayside Furnishings Bunk Bed,$366,"New York, NY, 10025"
https://www.aptdeco.com/product/zanotta-leather-couch-from-italy,Zanotta Leather Couch from Italy,"$10,084","Mount Kisco, NY, 10549"
https://www.aptdeco.com/product/vintage-picasso-don-quixote-canvas-print,Vintage Picasso Don Quixote Canvas Print,$104,"Ridgewood, NY, 11385"
https://www.aptdeco.com/product/statton-furniture-bureau,Statton Furniture Bureau,824,"Brooklyn, NY, 11222"
https://www.aptdeco.com/product/2-pottery-barn-adjustablepulley-pendant-lights,2 - Pottery Barn Adjustable/Pulley Pendant Lights,$270,"Morris Plains, NJ, 07950"
https://www.aptdeco.com/product/cb2-grey-stools,CB2 Grey Stools,$298,"New York, NY, 10035"
https://www.aptdeco.com/product/john-richard-antique-armoire,John Richard Antique Armoire,"2,348","Brooklyn, NY, 11203"
https://www.aptdeco.com/product/ultrasuede-terracotta-chaise-lounge-bellini-sofa,Ultrasuede Terracotta Chaise Lounge Bellini Sofa,"1,712","New York, NY, 10011"
https://www.aptdeco.com/product/mcm-dresser-2,MCM Dresser,"$1,315","Bay Shore, NY, 11706"
https://www.aptdeco.com/product/vintage-lacquer-desk,Vintage Lacquer Desk,380,"Brooklyn, NY, 11238"
https://www.aptdeco.com/product/west-elm-compass-quartz-kitchen-island-table,West Elm Compass Quartz Kitchen Island Table,602,"New York, NY, 10014"
https://www.aptdeco.com/product/womens-figures-wall-print,Womens Figures Wall Print,$76,"New York, NY, 10038"
https://www.aptdeco.com/product/king-bed-in-grey-fabric-upholstery-black-legs,King Bed In Grey Fabric Upholstery & Black Legs,$394,"Brooklyn, NY, 11232"
https://www.aptdeco.com/product/ultrasuede-terracotta-2seat-ottomon-bellini-sofa,Ultrasuede Terracotta 2Seat & Ottomon Bellini Sofa,"3,957","New York, NY, 10011"
https://www.aptdeco.com/product/ultrasuede-terracotta-2-seat-bellini-sofa,Ultrasuede Terracotta 2 Seat Bellini Sofa,"2,544","New York, NY, 10011"
https://www.aptdeco.com/product/loveseat-in-curvy-beige-chenille-upholstery,Loveseat In Curvy Beige Chenille Upholstery,"$1,279","Brooklyn, NY, 11232"
https://www.aptdeco.com/product/cb2-dorset-linen-credenza,CB2 Dorset Linen Credenza,"$1,410","New York, NY, 10022"
https://www.aptdeco.com/product/allmodern-geo-84-sofa,AllModern Geo 84'' Sofa,$755,"New York, NY, 10003"
https://www.aptdeco.com/product/feather-grey-ludlow-sofa,Feather Grey Ludlow Sofa,$873,"New York, NY, 10025"
https://www.aptdeco.com/product/hot-heels-canvas-art,Hot Heels Canvas Art,128,"Syosset, NY, 11791"
https://www.aptdeco.com/product/framed-mostly-mozart-festival-poster,Framed Mostly Mozart Festival Poster,$240,"New York, NY, 10024"
https://www.aptdeco.com/product/restoration-hardware-reclaimed-oak-dining-table-5,Restoration Hardware Reclaimed Oak Dining Table,"2,997","New York, NY, 10018"
https://www.aptdeco.com/product/6-cream-knoll-saarinen-executive-armless-chairs,6 Cream Knoll Saarinen Executive Armless Chairs,"4,995","New York, NY, 10011"
https://www.aptdeco.com/product/west-elm-santa-rosa-44-rectangle-coffee-table,"West Elm Santa Rosa 44"" Rectangle Coffee Table",$364,"New York, NY, 10011"
https://www.aptdeco.com/product/antique-framed-tapestry,Antique Framed Tapestry,$186,"Great Neck, NY, 11024"
https://www.aptdeco.com/product/west-elm-playa-outdoor-41in-rectangle-coffee-table-2,West Elm Playa Outdoor 41in Rectangle Coffee Table,$364,"New York, NY, 10011"
https://www.aptdeco.com/product/wade-logan-table,Wade Logan Table,$272,"West New York, NJ, 07093"
https://www.aptdeco.com/product/baxton-studio-tan-microsuede-club-arm-chair,Baxton Studio Tan Microsuede Club Arm Chair,$234,"Brooklyn, NY, 11216"
https://www.aptdeco.com/product/knoll-saarinen-oval-marble-dining-table,Knoll Saarinen Oval Marble Dining Table,"4,995","New York, NY, 10011"
https://www.aptdeco.com/product/rare-walnut-credenza-by-john-stuart,Rare Walnut Credenza by John Stuart,"2,066","Brooklyn, NY, 11217"
https://www.aptdeco.com/product/design-within-reach-milo-baughman-leather-sofa,Design Within Reach Milo Baughman Leather Sofa,"$7,590","New York, NY, 10010"
https://www.aptdeco.com/product/wade-logan-lift-top-coffee-table,Wade Logan Lift Top Coffee Table,397,"New York, NY, 10027"
https://www.aptdeco.com/product/glass-and-carved-wood-side-table,Glass and Carved Wood Side Table,$304,"Livingston, NJ, 07039"
https://www.aptdeco.com/product/room-board-henning-desk-in-walnut,Room & Board Henning Desk in Walnut,$814,"New York, NY, 10024"
https://www.aptdeco.com/product/pottery-barn-dark-brown-dresser-3,Pottery Barn Dark Brown Dresser,267,"New York, NY, 10024"
https://www.aptdeco.com/product/black-crate-and-barrel-media-console-tv-stand,Black Crate and Barrel Media Console / TV Stand,535,"New York, NY, 10016"
https://www.aptdeco.com/product/noahs-ark-framed-wall-art,Noahs Ark Framed Wall Art,$204,"Tuckahoe, NY, 10707"
https://www.aptdeco.com/product/glass-dining-table-with-chrome-base,Glass Dining Table with Chrome Base,679,"New York, NY, 10016"
https://www.aptdeco.com/product/bobby-berk-home-lacy-sofachaise,Bobby Berk Home Lacy Sofa/Chaise,"1,990","Maspeth, NY, 11378"
https://www.aptdeco.com/product/ikea-gjora-queen-bed-3,IKEA Gjora Queen Bed,$516,"Union City, NJ, 07087"
https://www.aptdeco.com/product/jaguar-candleholder,Jaguar Candleholder,$187,"Brooklyn, NY, 11232"
https://www.aptdeco.com/product/antique-cherub-bronze-candleholder,Antique Cherub Bronze Candleholder,$76,"Brooklyn, NY, 11232"
https://www.aptdeco.com/product/black-wooden-coffee-table-with-glass-top,Black Wooden Coffee Table with Glass Top,$332,"Brooklyn, NY, 11204"
https://www.aptdeco.com/product/bobs-discount-furniture-classic-storage-ottoman-2,Bob's Discount Furniture Classic Storage Ottoman,$215,"Trenton, NJ, 08690"
https://www.aptdeco.com/product/brown-round-wooden-dinner-table-set,Brown Round Wooden Dinner Table Set,$436,"Brooklyn, NY, 11204"
https://www.aptdeco.com/product/black-wooden-side-tables-with-glass-top,Black Wooden Side Tables with Glass Top,$286,"Brooklyn, NY, 11204"
https://www.aptdeco.com/product/west-elm-mid-century-bed-full-white,West Elm Mid-Century Bed - Full - White,$776,"Union City, NJ, 07087"
https://www.aptdeco.com/product/l-shaped-sectional-sofa-with-ottoman,L-Shaped Sectional Sofa With Ottoman,"$1,032","New York, NY, 10025"
https://www.aptdeco.com/product/west-elm-playa-outdoor-lounge-chairs-mast-set-of2,"West Elm Playa Outdoor Lounge Chairs, Mast, Set of2","$1,173","New York, NY, 10011"
https://www.aptdeco.com/product/west-elm-portside-outdoor-loung-chair-set-of-2,West Elm Portside Outdoor Loung Chair (Set of 2),"$1,506","New York, NY, 10011"
https://www.aptdeco.com/product/pottery-barn-reclaimed-wood-table-2,Pottery Barn Reclaimed Wood Table,$720,"Hoboken, NJ, 07030"
https://www.aptdeco.com/product/west-elm-sedona-leather-couch,West Elm Sedona Leather Couch,935,"New York, NY, 10023"
https://www.aptdeco.com/product/crate-barrel-oasis-linen-slipcovered-sofa-78,Crate & Barrel Oasis Linen Slipcovered Sofa 78,"$1,859","Warwick, NY, 10990"
https://www.aptdeco.com/product/tov-furniture-westwood-ash-buffet,TOV Furniture Westwood Ash Buffet,713,"New York, NY, 10065"
https://www.aptdeco.com/product/macys-beige-dining-chairs-with-silver-hardware,Macy's Beige Dining Chairs with Silver Hardware,176,"New York, NY, 10065"
https://www.aptdeco.com/product/cb2-acrylic-dark-grey-velvet-bench,CB2 Acrylic Dark Grey Velvet Bench,443,"New York, NY, 10065"
https://www.aptdeco.com/product/full-bed-in-glossy-white-w-led-touch-lighting,Full Bed In Glossy White W/ LED Touch Lighting,$610,"Brooklyn, NY, 11232"
https://www.aptdeco.com/product/painted-black-cabinet,Painted Black Cabinet,$316,"Westport, CT, 06880"
https://www.aptdeco.com/product/credenzabookcase,Credenza/Bookcase,325,"New York, NY, 10075"
https://www.aptdeco.com/product/rejuvenation-vailer-sofa,Rejuvenation Vailer Sofa,"$3,077","New York, NY, 10011"
https://www.aptdeco.com/product/rejuvenation-bayley-side-chair-with-woven-ropeseat,Rejuvenation Bayley Side Chair With Woven Ropeseat,$685,"New York, NY, 10011"
https://www.aptdeco.com/product/cb2-rattan-credenza-2,CB2 Rattan Credenza,"$1,126","New York, NY, 10005"
https://www.aptdeco.com/product/rejuvenation-wade-nesting-coffee-table-5,Rejuvenation Wade Nesting Coffee Table,$763,"New York, NY, 10011"
