Store URL,Name,Location,Contact No,Operating Hours
https://www.uhaul.com/Locations/Truck-Rentals-near-Pittsburgh-PA-15213/809082/,U-Haul Moving & Storage of Oakland,"3700 Bigelow BlvdPittsburgh, PA 15213",(412) 687-4256,Open today 8 am - 6 pm
https://www.uhaul.com/Locations/Truck-Rentals-near-Pittsburgh-PA-15201/809050/,U-Haul Moving & Storage of Pittsburgh,"3000 Liberty AvePittsburgh, PA 15201",(412) 567-0720,Open today 7 am - 7 pm
https://www.uhaul.com/Locations/Truck-Rentals-near-Pittsburgh-PA-15210/054132/,Tire & Brake Outlet,"55 Amanda AvePittsburgh, PA 15210",(412) 208-4760,Closed Today
https://www.uhaul.com/Locations/Truck-Rentals-near-Pittsburgh-PA-15208/008774/,Compass Self Storage,"6921 5th AvePittsburgh, PA 15208",(412) 784-1041,Open today 9:30 am - 6 pm
https://www.uhaul.com/Locations/Truck-Rentals-near-Pittsburgh-PA-15233/809029/,U-Haul Moving & Storage of Pittsburgh North Shore,"1200 Western AvePittsburgh, PA 15233",(412) 265-1119,Open today 7 am - 7 pm
