Store URL,Name,Phone,Street_Address,Locality,Business_years
https://www.yellowpages.com//rochelle-ga/mip/r-w-home-furnishings-776932,R W Home Furnishings,(229) 365-2629,807 2nd Ave,"Rochelle, GA 31079",38YEARSIN BUSINESS
https://www.yellowpages.com//cordele-ga/mip/farmers-home-furniture-5843546,Farmers Home Furniture,(229) 273-0505,1006 E 16th Ave,"Cordele, GA 31015",38YEARSIN BUSINESS
https://www.yellowpages.com//cordele-ga/mip/aarons-cordele-ga-474265613,Aaron's Cordele GA,(229) 271-9989,516 E 16th Ave,"Cordele, GA 31015",67YEARSIN BUSINESS
https://www.yellowpages.com//cordele-ga/mip/cordele-glass-shower-8679662,Cordele Glass & Shower,(229) 273-9510,612 N 7th St,"Cordele, GA 31015",37YEARSIN BUSINESS
https://www.yellowpages.com//cordele-ga/mip/railway-freight-504944408,Railway Freight,(229) 513-3471,601 E 16th Ave,"Cordele, GA 31015",53YEARSIN BUSINESS
https://www.yellowpages.com//cordele-ga/mip/bradys-best-buys-469888892,Brady's Best Buys,(229) 271-1100,1902 S 7th St,"Cordele, GA 31015",20YEARSIN BUSINESS
